{
  "class_name": "PinholeCameraParameters",
  "extrinsic": [
    0.96658094792237526, 0.087896494917756821, -0.2408225016369013, 0.0,
    0.021389908811849885, 0.90845933650910438, 0.41742556906646089, 0.0,
    0.25546769446351397, -0.40862677358515159, 0.87621938862073012, 0.0,
    -4.6101528451261276, 4.520408789557222, 14.828486952861997, 1.0
  ],
  "intrinsic": {
    "height": 1600,
    "intrinsic_matrix": [
      1385.640646055102, 0.0, 0.0, 0.0, 1385.640646055102, 0.0, 1279.5, 799.5,
      1.0
    ],
    "width": 2560
  },
  "version_major": 1,
  "version_minor": 0
}
