{
  "class_name": "PinholeCameraParameters",
  "extrinsic": [
    0.99540983915547387, -0.029154816362647239, 0.09115508101764884, 0.0,
    0.014316435091442072, 0.98711333570730098, 0.1593809968442845, 0.0,
    -0.094627119784691377, -0.15734439663256397, 0.98299971976068656, 0.0,
    2.6348692983703197, 5.4666971784224456, 6.8540414723463474, 1.0
  ],
  "intrinsic": {
    "height": 1600,
    "intrinsic_matrix": [
      1385.640646055102, 0.0, 0.0, 0.0, 1385.640646055102, 0.0, 1279.5, 799.5,
      1.0
    ],
    "width": 2560
  },
  "version_major": 1,
  "version_minor": 0
}
